{
  "camera_matrix": [
    [
      900.6598912887528,
      0.0,
      286.55794676377064
    ],
    [
      0.0,
      882.2766975851011,
      263.0235128257783
    ],
    [
      0.0,
      0.0,
      1.0
    ]
  ],
  "dist_coeffs": [
    [
      -0.4092854085569414,
      36.69088343458062,
      0.002972798212570874,
      -0.0007829596101916602,
      -792.5333630082906
    ]
  ]
}